filename,irradiance
DOERP_20220620124730_160.jpg,403.6
OLHOL_20220620161730_160.jpg,551.1
PVNOR_20220620162330_160.jpg,192.3
LEEER_20220620145200_160.jpg,47.5
OLTIR_20220620152800_160.jpg,563.3
OLTIR_20220620142600_160.jpg,522.5
PVRAS_20220620112730_160.jpg,249.9
EMSTE_20220620183500_160.jpg,41.7
OLBFE_20220620045730_160.jpg,174.5
OLMAR_20220620172700_160.jpg,314.4
OLUOL_20220620034715_160.jpg,19.9
PVNOR_20220620141330_160.jpg,345.4
VAREL_20220620200430_160.jpg,1.4
PAPEN_20220620195000_160.jpg,6.7
PVNOR_20220620073400_160.jpg,571.3
PVNOR_20220620183930_160.jpg,117.2
BAZWI_20220620163100_160.jpg,543.6
VAREL_20220620080400_160.jpg,197.5
WESTE_20220620120530_160.jpg,288.1
OLEMS_20220620053000_160.jpg,254.2
VAREL_20220620092900_160.jpg,893.4
VAREL_20220620123830_160.jpg,922.5
OLTIR_20220620060330_160.jpg,339.1
EMSTE_20220620060430_160.jpg,349.3
ESREF_20220620032830_160.jpg,11.2
ESENS_20220620200030_160.jpg,1.7
LEEER_20220620190730_160.jpg,57.2
PAPEN_20220620200800_160.jpg,1.1
OLDLR_20220620083630_160.jpg,594.2
OLEMS_20220620041030_160.jpg,110.6
OLDLR_20220620135030_160.jpg,103.1
OLMAR_20220620112530_160.jpg,344.2
OLDLR_20220620050700_160.jpg,214.0
OLFLE_20220620153300_160.jpg,169.2
PVNOR_20220620131430_160.jpg,452.1
BAZWI_20220620195600_160.jpg,4.6
WESTE_20220620030530_160.jpg,1.8
OLDLR_20220620081700_160.jpg,780.1
OLHOL_20220620033600_160.jpg,13.9
PVRAS_20220620082500_160.jpg,295.1
OLDLR_20220620200930_160.jpg,1.0
PVNOR_20220620073830_160.jpg,590.1
OLHOL_20220620191000_160.jpg,40.7
WESTE_20220620131530_160.jpg,326.3
OLMAR_20220620103800_160.jpg,885.2
OLTIR_20220620183030_160.jpg,114.6
PVAMM_20220620123400_160.jpg,599.2
OLMAR_20220620180230_160.jpg,217.5
DOERP_20220620071000_160.jpg,108.0
OLDLR_20220620025500_160.jpg,1.2
PVAMM_20220620025030_160.jpg,0.9
PVRAS_20220620130930_160.jpg,570.9
OLDLR_20220620025100_160.jpg,1.0
OLFLE_20220620064630_160.jpg,150.2
OLETZ_20220620175230_160.jpg,195.3
LEEER_20220620072630_160.jpg,127.2
WESTE_20220620033800_160.jpg,14.9
OLBFE_20220620121900_160.jpg,363.5
DOERP_20220620065430_160.jpg,230.7
VAREL_20220620132030_160.jpg,250.1
OLDLR_20220620150300_160.jpg,156.5
ESREF_20220620144130_160.jpg,114.6
AURIC_20220620184900_160.jpg,96.9
OLBFE_20220620032130_160.jpg,10.1
OLMAR_20220620121900_160.jpg,363.5
VAREL_20220620042630_160.jpg,41.6
BARSE_20220620115700_160.jpg,317.4
OLEMS_20220620135000_160.jpg,110.0
OLFLE_20220620164400_160.jpg,429.2
VAREL_20220620075730_160.jpg,678.5
WESTE_20220620070630_160.jpg,222.5
BAZWI_20220620145630_160.jpg,56.5
OLJET_20220620025930_160.jpg,1.4
OLTIR_20220620150630_160.jpg,191.2
OLETZ_20220620034000_160.jpg,16.1
OLETZ_20220620070030_160.jpg,222.3
BAZWI_20220620121700_160.jpg,933.3
OLHOL_20220620025600_160.jpg,1.2
ESREF_20220620155500_160.jpg,128.3
BARSE_20220620160330_160.jpg,203.1
OLETZ_20220620082430_160.jpg,279.1
OLEMS_20220620092730_160.jpg,814.2
OLTWE_20220620105600_160.jpg,965.0
OLTIR_20220620124230_160.jpg,824.5
OLMAR_20220620062800_160.jpg,97.1
VAREL_20220620175130_160.jpg,248.1
PVNOR_20220620104630_160.jpg,225.3
LEEER_20220620160430_160.jpg,382.6
PVNOR_20220620034100_160.jpg,16.7
BAZWI_20220620032930_160.jpg,11.3
BARSE_20220620170800_160.jpg,160.9
OLETZ_20220620150700_160.jpg,200.0
PVNOR_20220620083130_160.jpg,304.2
OLUOL_20220620060345_160.jpg,349.3
OLFLE_20220620145200_160.jpg,47.5
PVNOR_20220620145730_160.jpg,71.1
OLDLR_20220620121400_160.jpg,297.0
WESTE_20220620200900_160.jpg,1.0
PVNOR_20220620051930_160.jpg,210.6
AURIC_20220620193530_160.jpg,13.2
OLETZ_20220620123400_160.jpg,599.2
VAREL_20220620173900_160.jpg,280.3
OLTWE_20220620200500_160.jpg,1.4
LEEER_20220620173600_160.jpg,178.5
AURIC_20220620032500_160.jpg,10.9
OLDLR_20220620104730_160.jpg,603.8
BAZWI_20220620051830_160.jpg,233.4
OLHOL_20220620200200_160.jpg,1.5
OLEMS_20220620124200_160.jpg,824.5
OLDLR_20220620072000_160.jpg,130.0
EMSTE_20220620191900_160.jpg,22.4
OLHOL_20220620101930_160.jpg,243.1
OLBFE_20220620151130_160.jpg,180.3
PVRAS_20220620073600_160.jpg,576.9
WESTE_20220620064900_160.jpg,219.3
PVNOR_20220620122230_160.jpg,278.9
OLFLE_20220620135500_160.jpg,102.2
WESTE_20220620100330_160.jpg,724.2
ESENS_20220620180730_160.jpg,96.1
PVNOR_20220620175200_160.jpg,248.1
EMSTE_20220620133830_160.jpg,347.1
OLUOL_20220620183830_160.jpg,116.1
OLTIR_20220620072700_160.jpg,127.2
OLJET_20220620061700_160.jpg,224.1
OLHOL_20220620122600_160.jpg,293.4
LEEER_20220620035400_160.jpg,56.2
DOERP_20220620042130_160.jpg,46.9
VAREL_20220620060530_160.jpg,361.1
OLJET_20220620025600_160.jpg,1.2
OLTIR_20220620032400_160.jpg,10.7
OLBFE_20220620025330_160.jpg,1.0
PVNOR_20220620062700_160.jpg,97.6
PVRAS_20220620153600_160.jpg,624.7
PVAMM_20220620071600_160.jpg,113.1
OLUOL_20220620190545_160.jpg,58.7
EMSTE_20220620191600_160.jpg,28.0
ESREF_20220620174630_160.jpg,272.4
LEEER_20220620063230_160.jpg,75.5
OLDLR_20220620175600_160.jpg,197.0
OLHOL_20220620080700_160.jpg,771.6
PVAMM_20220620140530_160.jpg,613.2
OLTIR_20220620050330_160.jpg,196.3
OLTIR_20220620200030_160.jpg,1.7
OLFLE_20220620100030_160.jpg,743.3
VAREL_20220620200500_160.jpg,1.4
BARSE_20220620104600_160.jpg,225.3
OLDLR_20220620072100_160.jpg,117.8
PVAMM_20220620150030_160.jpg,112.3
SOEGE_20220620033000_160.jpg,11.4
PVAMM_20220620191330_160.jpg,35.4
OLMAR_20220620130100_160.jpg,400.1
PVNOR_20220620165300_160.jpg,344.6
BARSE_20220620141100_160.jpg,466.5
BARSE_20220620141600_160.jpg,759.9
SOEGE_20220620185930_160.jpg,30.3
OLHOL_20220620142830_160.jpg,348.2
ESREF_20220620071830_160.jpg,135.8
OLFLE_20220620151300_160.jpg,200.3
OLTIR_20220620080630_160.jpg,771.6
PVAMM_20220620075600_160.jpg,654.4
OLDLR_20220620082600_160.jpg,456.4
OLFLE_20220620111530_160.jpg,1101.9
DOERP_20220620040600_160.jpg,97.6
OLEMS_20220620112030_160.jpg,329.6
PVNOR_20220620085300_160.jpg,887.0
BARSE_20220620063930_160.jpg,138.2
PVNOR_20220620060100_160.jpg,333.8
OLBFE_20220620170430_160.jpg,129.0
DOERP_20220620151730_160.jpg,252.8
BARSE_20220620110600_160.jpg,1013.0
BARSE_20220620143800_160.jpg,158.3
OLFLE_20220620093530_160.jpg,212.0
OLFLE_20220620184400_160.jpg,48.5
OLJET_20220620045730_160.jpg,174.5
VAREL_20220620083330_160.jpg,322.9
DOERP_20220620093200_160.jpg,572.1
OLDON_20220620201000_160.jpg,1.0
PVAMM_20220620160300_160.jpg,203.1
OLTWE_20220620200700_160.jpg,1.2
OLDLR_20220620171030_160.jpg,257.3
VAREL_20220620143500_160.jpg,194.9
VAREL_20220620050030_160.jpg,189.7
OLTIR_20220620061600_160.jpg,423.0
OLHOL_20220620095930_160.jpg,363.3
PVNOR_20220620084230_160.jpg,756.8
PVRAS_20220620064130_160.jpg,123.0
WESTE_20220620135900_160.jpg,202.4
OLFLE_20220620034200_160.jpg,17.4
BARSE_20220620025400_160.jpg,1.1
OLETZ_20220620121130_160.jpg,257.4
PVAMM_20220620154130_160.jpg,162.3
OLBFE_20220620125200_160.jpg,308.6
VAREL_20220620185530_160.jpg,40.5
LEEER_20220620130500_160.jpg,252.1
OLHOL_20220620050430_160.jpg,199.5
PVAMM_20220620192830_160.jpg,16.9
EMSTE_20220620111400_160.jpg,1106.4
OLHOL_20220620175500_160.jpg,265.7
OLUOL_20220620035945_160.jpg,81.8
PVNOR_20220620040930_160.jpg,107.2
WESTE_20220620190900_160.jpg,42.4
OLMAR_20220620141630_160.jpg,742.7
PVAMM_20220620085600_160.jpg,943.6
OLETZ_20220620144900_160.jpg,57.8
WESTE_20220620065500_160.jpg,254.2
OLHOL_20220620193530_160.jpg,13.2
VAREL_20220620150000_160.jpg,112.3
PVRAS_20220620074800_160.jpg,660.0
OLTIR_20220620200430_160.jpg,1.4
AURIC_20220620025800_160.jpg,1.3
OLUOL_20220620193315_160.jpg,13.7
ESREF_20220620025230_160.jpg,1.0
LEEER_20220620124030_160.jpg,178.8
ESREF_20220620083000_160.jpg,487.1
BAZWI_20220620191430_160.jpg,31.3
OLDLR_20220620125230_160.jpg,297.1
VAREL_20220620080300_160.jpg,176.0
BARSE_20220620101500_160.jpg,342.2
OLFLE_20220620115830_160.jpg,301.5
OLTIR_20220620131730_160.jpg,363.1
PAPEN_20220620025800_160.jpg,1.3
OLTWE_20220620025630_160.jpg,1.2
OLMAR_20220620061500_160.jpg,502.0
PVAMM_20220620200300_160.jpg,1.4
LEEER_20220620052800_160.jpg,196.5
PVAMM_20220620081900_160.jpg,402.5
SOEGE_20220620025800_160.jpg,1.3
OLUOL_20220620055730_160.jpg,325.1
BARSE_20220620112130_160.jpg,420.3
PVAMM_20220620173230_160.jpg,282.8
BARSE_20220620072800_160.jpg,543.3
VAREL_20220620041300_160.jpg,121.7
OLEMS_20220620103830_160.jpg,685.7
AURIC_20220620035330_160.jpg,53.8
OLMAR_20220620032900_160.jpg,11.3
BARSE_20220620075700_160.jpg,678.5
PVAMM_20220620034500_160.jpg,18.7
OLTWE_20220620123900_160.jpg,922.5
OLHOL_20220620174500_160.jpg,259.8
OLETZ_20220620193430_160.jpg,13.2
OLDLR_20220620090630_160.jpg,882.3
OLFLE_20220620083100_160.jpg,325.3
PVNOR_20220620112000_160.jpg,329.6
PVNOR_20220620195330_160.jpg,5.2
PAPEN_20220620193300_160.jpg,13.7
OLMAR_20220620025800_160.jpg,1.3
OLTIR_20220620160900_160.jpg,575.8
OLDLR_20220620104830_160.jpg,998.8
ESENS_20220620032300_160.jpg,10.5
PVRAS_20220620084030_160.jpg,587.6
LEEER_20220620183700_160.jpg,107.7
OLEMS_20220620175900_160.jpg,203.3
OLDLR_20220620094200_160.jpg,485.5
VAREL_20220620145330_160.jpg,44.1
OLBFE_20220620114500_160.jpg,1119.4
DOERP_20220620044130_160.jpg,24.3
PVAMM_20220620192030_160.jpg,20.6
OLDLR_20220620062900_160.jpg,98.4
OLTIR_20220620124100_160.jpg,193.7
DOERP_20220620025730_160.jpg,1.3
OLETZ_20220620052500_160.jpg,129.5
OLMAR_20220620132730_160.jpg,183.4
EMSTE_20220620034930_160.jpg,22.1
OLTIR_20220620174000_160.jpg,265.3
OLETZ_20220620133930_160.jpg,315.7
OLMAR_20220620064930_160.jpg,180.3
ESREF_20220620073500_160.jpg,575.6
OLTIR_20220620063330_160.jpg,75.5
WESTE_20220620154030_160.jpg,162.3
BAZWI_20220620105300_160.jpg,944.6
PVAMM_20220620060300_160.jpg,339.1
WESTE_20220620200230_160.jpg,1.4
OLDLR_20220620201030_160.jpg,0.9
OLDLR_20220620175730_160.jpg,246.7
BAZWI_20220620112000_160.jpg,329.6
OLUOL_20220620100030_160.jpg,743.3
PVAMM_20220620085700_160.jpg,268.7
PVRAS_20220620111930_160.jpg,329.6
OLUOL_20220620192715_160.jpg,18.8
PVNOR_20220620102300_160.jpg,375.6
VAREL_20220620025530_160.jpg,1.2
OLUOL_20220620042745_160.jpg,39.8
PVAMM_20220620125530_160.jpg,281.2
LEEER_20220620100930_160.jpg,379.0
OLEMS_20220620115100_160.jpg,244.1
PVAMM_20220620165030_160.jpg,166.4
OLDLR_20220620200630_160.jpg,1.2
OLBFE_20220620083000_160.jpg,487.1
VAREL_20220620130330_160.jpg,295.0
OLUOL_20220620195600_160.jpg,4.6
OLBFE_20220620130100_160.jpg,400.1
OLMAR_20220620121030_160.jpg,257.4
OLHOL_20220620130000_160.jpg,314.3
OLMAR_20220620154200_160.jpg,162.9
VAREL_20220620102530_160.jpg,855.9
OLBFE_20220620104630_160.jpg,225.3
PVNOR_20220620065230_160.jpg,219.0
OLETZ_20220620080200_160.jpg,181.5
PVRAS_20220620164730_160.jpg,167.8
VAREL_20220620062230_160.jpg,108.3
OLFLE_20220620033130_160.jpg,11.6
ESREF_20220620045700_160.jpg,174.5
OLDLR_20220620073900_160.jpg,595.3
VAREL_20220620142100_160.jpg,752.4
OLDLR_20220620164030_160.jpg,460.7
ESREF_20220620114500_160.jpg,1119.4
ESREF_20220620080330_160.jpg,176.0
OLTWE_20220620150700_160.jpg,200.0
OLUOL_20220620041645_160.jpg,59.2
EMSTE_20220620150800_160.jpg,204.3
PVNOR_20220620075830_160.jpg,727.1
BARSE_20220620151630_160.jpg,252.8
OLTIR_20220620141200_160.jpg,315.5
ESENS_20220620025430_160.jpg,1.1
VAREL_20220620080330_160.jpg,176.0
ESREF_20220620150600_160.jpg,191.2
EMSTE_20220620123030_160.jpg,349.3
PVRAS_20220620183730_160.jpg,107.7
PVNOR_20220620122900_160.jpg,347.1
OLHOL_20220620111600_160.jpg,1107.9
OLETZ_20220620095230_160.jpg,286.2
OLDLR_20220620050500_160.jpg,204.7
OLMAR_20220620045030_160.jpg,85.9
ESREF_20220620092630_160.jpg,756.3
VAREL_20220620100000_160.jpg,743.3
VAREL_20220620122400_160.jpg,286.4
PVAMM_20220620191500_160.jpg,31.3
OLFLE_20220620032330_160.jpg,10.5
OLDON_20220620200230_160.jpg,1.4
BARSE_20220620055030_160.jpg,297.6
OLEMS_20220620073900_160.jpg,595.3
LEEER_20220620195530_160.jpg,4.6
PVAMM_20220620034530_160.jpg,18.7
OLMAR_20220620074030_160.jpg,604.3
ESREF_20220620045400_160.jpg,165.5
OLETZ_20220620071700_160.jpg,125.4
OLETZ_20220620100600_160.jpg,437.3
OLEMS_20220620082130_160.jpg,255.9
VAREL_20220620040330_160.jpg,92.0
VAREL_20220620103000_160.jpg,1068.4
OLETZ_20220620130230_160.jpg,587.5
PAPEN_20220620042330_160.jpg,47.0
OLDLR_20220620101230_160.jpg,371.6
OLETZ_20220620051800_160.jpg,233.4
PVRAS_20220620165100_160.jpg,288.0
OLBFE_20220620052730_160.jpg,196.5
LEEER_20220620094230_160.jpg,295.6
PVNOR_20220620184330_160.jpg,45.5
OLFLE_20220620054830_160.jpg,295.2
WESTE_20220620152930_160.jpg,321.5
OLEMS_20220620042030_160.jpg,46.0
WITTM_20220620025230_160.jpg,1.0
OLMAR_20220620113200_160.jpg,277.7
EMSTE_20220620032630_160.jpg,11.2
BAZWI_20220620174730_160.jpg,296.7
ESREF_20220620062230_160.jpg,108.3
PVNOR_20220620173200_160.jpg,282.8
BARSE_20220620062400_160.jpg,106.1
PVNOR_20220620064500_160.jpg,140.8
AURIC_20220620190100_160.jpg,30.8
VAREL_20220620111730_160.jpg,609.4
DOERP_20220620045530_160.jpg,170.6
WESTE_20220620083930_160.jpg,587.6
BARSE_20220620164830_160.jpg,167.8
WESTE_20220620051500_160.jpg,231.0
OLUOL_20220620025745_160.jpg,1.3
PVNOR_20220620151130_160.jpg,180.3
OLTIR_20220620044230_160.jpg,24.6
OLDLR_20220620132830_160.jpg,183.4
OLEMS_20220620032730_160.jpg,11.2
WESTE_20220620090530_160.jpg,671.7
BARSE_20220620105030_160.jpg,721.4
WESTE_20220620163600_160.jpg,544.5
OLTWE_20220620071000_160.jpg,108.0
DOERP_20220620025230_160.jpg,1.0
PVNOR_20220620105300_160.jpg,944.6
PVAMM_20220620121500_160.jpg,714.3
OLFLE_20220620122030_160.jpg,272.6
BARSE_20220620133230_160.jpg,259.5
OLEMS_20220620150430_160.jpg,169.9
WITTM_20220620195900_160.jpg,4.0
BARSE_20220620085130_160.jpg,317.5
VAREL_20220620025330_160.jpg,1.0
PVNOR_20220620112400_160.jpg,650.6
OLUOL_20220620110900_160.jpg,935.4
OLTIR_20220620195330_160.jpg,5.2
DOERP_20220620170000_160.jpg,383.5
VAREL_20220620073500_160.jpg,575.6
OLBFE_20220620175200_160.jpg,248.1
OLDLR_20220620150330_160.jpg,156.5
PVRAS_20220620181130_160.jpg,52.5
PVAMM_20220620115030_160.jpg,244.1
OLMAR_20220620101900_160.jpg,243.1
EMSTE_20220620025500_160.jpg,1.2
PVNOR_20220620151230_160.jpg,188.9
OLETZ_20220620112200_160.jpg,886.4
OLUOL_20220620124030_160.jpg,178.8
OLTIR_20220620090500_160.jpg,671.7
OLDON_20220620032430_160.jpg,10.7
DOERP_20220620033630_160.jpg,13.9
OLEMS_20220620140430_160.jpg,432.7
PVNOR_20220620070430_160.jpg,247.2
BARSE_20220620070300_160.jpg,296.3
OLUOL_20220620080430_160.jpg,197.5
OLDLR_20220620082130_160.jpg,255.9
OLETZ_20220620105600_160.jpg,965.0
OLEMS_20220620070900_160.jpg,142.1
PAPEN_20220620025600_160.jpg,1.2
BARSE_20220620051300_160.jpg,227.8
VAREL_20220620092630_160.jpg,756.3
OLDON_20220620184730_160.jpg,104.5
VAREL_20220620134930_160.jpg,110.0
OLETZ_20220620064700_160.jpg,169.5
PVRAS_20220620132000_160.jpg,264.2
BARSE_20220620200930_160.jpg,1.0
WESTE_20220620140130_160.jpg,238.6
BARSE_20220620125830_160.jpg,264.2
OLMAR_20220620134200_160.jpg,306.4
OLHOL_20220620141700_160.jpg,742.7
PVNOR_20220620052730_160.jpg,196.5
WESTE_20220620140600_160.jpg,768.7
OLDLR_20220620141400_160.jpg,791.1
OLFLE_20220620134330_160.jpg,263.1
WESTE_20220620091730_160.jpg,119.4
VAREL_20220620053930_160.jpg,278.6
OLETZ_20220620060400_160.jpg,349.3
OLMAR_20220620145300_160.jpg,45.6
OLBFE_20220620192700_160.jpg,18.8
PVRAS_20220620145630_160.jpg,56.5
OLFLE_20220620091500_160.jpg,163.6
OLUOL_20220620093545_160.jpg,212.0
OLEMS_20220620035300_160.jpg,53.8
AURIC_20220620041430_160.jpg,100.9
BARSE_20220620130800_160.jpg,822.5
OLHOL_20220620200730_160.jpg,1.1
BARSE_20220620092030_160.jpg,782.0
PAPEN_20220620041930_160.jpg,45.9
PVRAS_20220620042230_160.jpg,47.5
DOERP_20220620103200_160.jpg,345.5
OLTIR_20220620120400_160.jpg,283.0
WESTE_20220620102330_160.jpg,375.6
PVRAS_20220620095000_160.jpg,1029.2
OLDLR_20220620033300_160.jpg,12.5
AURIC_20220620191200_160.jpg,43.0
OLMAR_20220620030000_160.jpg,1.4
LEEER_20220620080430_160.jpg,197.5
PVNOR_20220620032330_160.jpg,10.5
OLBFE_20220620193300_160.jpg,13.7
PVRAS_20220620190900_160.jpg,42.4
BAZWI_20220620131200_160.jpg,739.2
PVAMM_20220620133500_160.jpg,335.3
PVNOR_20220620133030_160.jpg,206.5
OLEMS_20220620033500_160.jpg,13.5
OLHOL_20220620025200_160.jpg,1.0
VAREL_20220620091830_160.jpg,211.8
OLFLE_20220620123330_160.jpg,553.1
LEEER_20220620025030_160.jpg,0.9
OLMAR_20220620025730_160.jpg,1.3
OLFLE_20220620052800_160.jpg,196.5
WESTE_20220620112700_160.jpg,297.2
PVRAS_20220620182630_160.jpg,137.7
BARSE_20220620135930_160.jpg,202.4
BAZWI_20220620165100_160.jpg,288.0
OLMAR_20220620100800_160.jpg,716.8
OLBFE_20220620055500_160.jpg,313.8
BAZWI_20220620105930_160.jpg,973.7
PVRAS_20220620104530_160.jpg,225.3
ESREF_20220620182800_160.jpg,134.0
OLHOL_20220620182630_160.jpg,137.7
VAREL_20220620150600_160.jpg,191.2
PVAMM_20220620053800_160.jpg,201.9
OLMAR_20220620090830_160.jpg,933.6
LEEER_20220620190100_160.jpg,30.8
OLFLE_20220620172430_160.jpg,170.8
OLEMS_20220620200230_160.jpg,1.4
OLETZ_20220620151430_160.jpg,212.0
PVAMM_20220620094830_160.jpg,960.6
OLEMS_20220620200000_160.jpg,3.6
OLMAR_20220620162100_160.jpg,489.8
OLDLR_20220620060230_160.jpg,336.2
OLEMS_20220620122700_160.jpg,300.0
OLMAR_20220620083000_160.jpg,487.1
OLJET_20220620025700_160.jpg,1.3
PVNOR_20220620081800_160.jpg,764.8
ESREF_20220620161300_160.jpg,503.0
OLEMS_20220620062900_160.jpg,98.4
OLMAR_20220620055500_160.jpg,313.8
BARSE_20220620200400_160.jpg,1.4
OLTWE_20220620025130_160.jpg,1.0
OLHOL_20220620083700_160.jpg,594.2
OLDLR_20220620140430_160.jpg,432.7
OLDON_20220620181400_160.jpg,166.7
BAZWI_20220620084030_160.jpg,587.6
OLETZ_20220620100630_160.jpg,437.3
OLMAR_20220620123500_160.jpg,980.7
DOERP_20220620184230_160.jpg,44.4
PVNOR_20220620035500_160.jpg,58.9
ESREF_20220620121900_160.jpg,363.5
PVNOR_20220620032530_160.jpg,10.9
PVAMM_20220620130230_160.jpg,587.5
LEEER_20220620073100_160.jpg,575.7
PVNOR_20220620185030_160.jpg,65.5
OLEMS_20220620103900_160.jpg,685.7
OLHOL_20220620042130_160.jpg,46.9
PAPEN_20220620035730_160.jpg,64.3
OLTIR_20220620161630_160.jpg,512.2
ESREF_20220620100000_160.jpg,743.3
VAREL_20220620050830_160.jpg,218.4
OLFLE_20220620072630_160.jpg,127.2
BAZWI_20220620064400_160.jpg,132.7
PVAMM_20220620115930_160.jpg,272.1
PVAMM_20220620045200_160.jpg,158.4
ESREF_20220620200730_160.jpg,1.1
OLHOL_20220620114030_160.jpg,874.3
PVRAS_20220620172600_160.jpg,292.8
PVAMM_20220620135130_160.jpg,93.3
BAZWI_20220620044400_160.jpg,26.7
PVRAS_20220620042300_160.jpg,48.3
OLTIR_20220620110430_160.jpg,902.4
DOERP_20220620032830_160.jpg,11.2
EMSTE_20220620190100_160.jpg,30.8
OLTIR_20220620095030_160.jpg,579.4
OLETZ_20220620075600_160.jpg,654.4
PAPEN_20220620025130_160.jpg,1.0
OLBFE_20220620084230_160.jpg,756.8
PVNOR_20220620054100_160.jpg,278.9
DOERP_20220620143200_160.jpg,250.8
OLUOL_20220620183815_160.jpg,116.1
OLETZ_20220620165030_160.jpg,166.4
OLTIR_20220620073000_160.jpg,578.4
EMSTE_20220620105530_160.jpg,956.2
PVNOR_20220620142130_160.jpg,752.4
OLHOL_20220620075800_160.jpg,727.1
WESTE_20220620083730_160.jpg,594.2
PAPEN_20220620200600_160.jpg,1.3
DOERP_20220620043830_160.jpg,24.9
EMSTE_20220620040730_160.jpg,101.3
OLDLR_20220620025600_160.jpg,1.2
WESTE_20220620082800_160.jpg,443.7
OLUOL_20220620193115_160.jpg,14.7
PAPEN_20220620045830_160.jpg,179.1
OLTIR_20220620111900_160.jpg,589.1
OLTWE_20220620095230_160.jpg,286.2
DOERP_20220620145130_160.jpg,47.5
OLETZ_20220620085700_160.jpg,268.7
OLHOL_20220620025330_160.jpg,1.0
WESTE_20220620172330_160.jpg,88.6
OLMAR_20220620173930_160.jpg,265.3
BAZWI_20220620172600_160.jpg,292.8
VAREL_20220620093600_160.jpg,212.0
OLUOL_20220620132315_160.jpg,236.4
OLFLE_20220620025500_160.jpg,1.2
PVAMM_20220620054500_160.jpg,281.6
OLBFE_20220620065230_160.jpg,219.0
OLUOL_20220620172415_160.jpg,170.8
VAREL_20220620143330_160.jpg,209.4
BARSE_20220620160800_160.jpg,611.6
BARSE_20220620180800_160.jpg,96.1
WESTE_20220620045130_160.jpg,153.8
EMSTE_20220620075400_160.jpg,637.5
ESREF_20220620130330_160.jpg,295.0
OLDLR_20220620124000_160.jpg,178.8
OLETZ_20220620165230_160.jpg,274.6
OLBFE_20220620025430_160.jpg,1.1
OLTIR_20220620042700_160.jpg,41.6
OLMAR_20220620084800_160.jpg,791.4
BAZWI_20220620142130_160.jpg,752.4
OLJET_20220620200700_160.jpg,1.2
OLDLR_20220620052030_160.jpg,96.4
BAZWI_20220620045900_160.jpg,184.8
OLHOL_20220620135830_160.jpg,167.8
OLDLR_20220620135100_160.jpg,103.1
LEEER_20220620054200_160.jpg,281.8
WESTE_20220620074130_160.jpg,618.3
OLMAR_20220620161400_160.jpg,233.7
LEEER_20220620153300_160.jpg,169.2
OLHOL_20220620153100_160.jpg,145.0
PAPEN_20220620200100_160.jpg,1.7
OLDLR_20220620110300_160.jpg,839.8
VAREL_20220620200830_160.jpg,1.0
EMSTE_20220620025930_160.jpg,1.4
OLMAR_20220620190500_160.jpg,62.5
DOERP_20220620054330_160.jpg,284.6
PVAMM_20220620182830_160.jpg,129.3
OLETZ_20220620050730_160.jpg,214.0
DOERP_20220620025930_160.jpg,1.4
VAREL_20220620113830_160.jpg,364.3
OLBFE_20220620025400_160.jpg,1.1
PAPEN_20220620200330_160.jpg,1.4
LEEER_20220620201030_160.jpg,0.9
PVNOR_20220620110030_160.jpg,969.7
OLMAR_20220620071830_160.jpg,135.8
OLDLR_20220620152130_160.jpg,447.5
PVRAS_20220620180530_160.jpg,113.1
PAPEN_20220620025030_160.jpg,0.9
PVAMM_20220620101600_160.jpg,291.3
SOEGE_20220620200830_160.jpg,1.0
PVRAS_20220620095400_160.jpg,336.0
PVAMM_20220620061400_160.jpg,495.9
LEEER_20220620025900_160.jpg,1.4
OLMAR_20220620200200_160.jpg,1.5
OLMAR_20220620092830_160.jpg,846.4
DOERP_20220620114230_160.jpg,302.2
DOERP_20220620200300_160.jpg,1.4
OLEMS_20220620181230_160.jpg,52.5
BAZWI_20220620153600_160.jpg,624.7
OLTWE_20220620185030_160.jpg,65.5
ESREF_20220620055500_160.jpg,313.8
OLBFE_20220620182800_160.jpg,134.0
VAREL_20220620185730_160.jpg,37.3
OLTWE_20220620111100_160.jpg,406.0
BARSE_20220620200900_160.jpg,1.0
PVAMM_20220620170530_160.jpg,133.3
VAREL_20220620131500_160.jpg,452.1
OLBFE_20220620200230_160.jpg,1.4
WITTM_20220620193600_160.jpg,13.2
OLTIR_20220620043200_160.jpg,32.3
PVAMM_20220620173030_160.jpg,265.4
AURIC_20220620110130_160.jpg,969.7
EMSTE_20220620165930_160.jpg,313.1
OLFLE_20220620043900_160.jpg,24.9
OLEMS_20220620063130_160.jpg,79.3
PVNOR_20220620150900_160.jpg,196.8
AURIC_20220620035230_160.jpg,51.0
OLTIR_20220620102930_160.jpg,999.1
OLTIR_20220620101300_160.jpg,464.8
OLBFE_20220620162100_160.jpg,489.8
OLEMS_20220620133300_160.jpg,287.7
PVRAS_20220620174230_160.jpg,175.9
OLUOL_20220620143215_160.jpg,250.8
ESENS_20220620044430_160.jpg,26.7
OLEMS_20220620035530_160.jpg,58.9
AURIC_20220620042130_160.jpg,46.9
PVNOR_20220620090930_160.jpg,715.5
OLDLR_20220620200830_160.jpg,1.0
PVNOR_20220620053830_160.jpg,201.9
OLDLR_20220620140230_160.jpg,273.0
OLFLE_20220620185700_160.jpg,44.0
OLDLR_20220620161700_160.jpg,555.5
OLJET_20220620025030_160.jpg,0.9
EMSTE_20220620174830_160.jpg,315.5
OLFLE_20220620025530_160.jpg,1.2
LEEER_20220620102900_160.jpg,999.1
EMSTE_20220620144800_160.jpg,68.7
PVRAS_20220620064400_160.jpg,132.7
VAREL_20220620072130_160.jpg,110.6
OLEMS_20220620161800_160.jpg,551.1
PVNOR_20220620125330_160.jpg,297.1
PVNOR_20220620131200_160.jpg,739.2
VAREL_20220620161300_160.jpg,503.0
BARSE_20220620191630_160.jpg,25.1
OLTIR_20220620075630_160.jpg,654.4
ESREF_20220620130100_160.jpg,400.1
OLBFE_20220620073400_160.jpg,571.3
PVAMM_20220620092300_160.jpg,813.7
OLMAR_20220620045500_160.jpg,170.6
OLETZ_20220620170530_160.jpg,133.3
OLDLR_20220620144700_160.jpg,78.1
BARSE_20220620195900_160.jpg,4.0
ESREF_20220620125900_160.jpg,275.8
OLDON_20220620190830_160.jpg,42.4
PVNOR_20220620111700_160.jpg,609.4
ESENS_20220620043600_160.jpg,46.1
OLHOL_20220620040200_160.jpg,102.8
OLHOL_20220620152000_160.jpg,636.1
AURIC_20220620190130_160.jpg,30.8
OLFLE_20220620160430_160.jpg,382.6
OLTWE_20220620144900_160.jpg,57.8
LEEER_20220620083100_160.jpg,325.3
OLFLE_20220620083830_160.jpg,791.5
ESREF_20220620055830_160.jpg,327.5
PVAMM_20220620181630_160.jpg,160.9
LEEER_20220620135500_160.jpg,102.2
OLMAR_20220620040000_160.jpg,81.8
AURIC_20220620200630_160.jpg,1.2
WESTE_20220620054400_160.jpg,284.6
OLBFE_20220620131800_160.jpg,363.1
PVAMM_20220620070830_160.jpg,142.1
BAZWI_20220620075830_160.jpg,727.1
LEEER_20220620091500_160.jpg,163.6
VAREL_20220620040500_160.jpg,92.8
EMSTE_20220620054930_160.jpg,295.8
BARSE_20220620052430_160.jpg,129.5
OLBFE_20220620103800_160.jpg,885.2
ESREF_20220620061500_160.jpg,502.0
PVNOR_20220620092930_160.jpg,893.4
PVNOR_20220620190330_160.jpg,39.1
OLBFE_20220620163900_160.jpg,283.7
DOERP_20220620195600_160.jpg,4.6
BAZWI_20220620182300_160.jpg,148.7
OLJET_20220620190300_160.jpg,39.1
OLTIR_20220620042730_160.jpg,39.8
OLFLE_20220620145600_160.jpg,56.5
ESREF_20220620095130_160.jpg,367.6
VAREL_20220620174630_160.jpg,272.4
OLDLR_20220620160930_160.jpg,557.6
VAREL_20220620163800_160.jpg,237.6
PVNOR_20220620190500_160.jpg,62.5
OLFLE_20220620063230_160.jpg,75.5
OLETZ_20220620190630_160.jpg,57.3
LEEER_20220620160130_160.jpg,165.2
BARSE_20220620173530_160.jpg,178.5
WITTM_20220620192430_160.jpg,19.0
PVRAS_20220620140200_160.jpg,273.0
OLTWE_20220620180500_160.jpg,228.5
VAREL_20220620161130_160.jpg,526.0
OLBFE_20220620095130_160.jpg,367.6
PVAMM_20220620200230_160.jpg,1.4
WESTE_20220620110400_160.jpg,989.9
VAREL_20220620071430_160.jpg,98.5
PVNOR_20220620172030_160.jpg,172.2
BARSE_20220620101030_160.jpg,363.7
BAZWI_20220620112730_160.jpg,249.9
OLHOL_20220620040100_160.jpg,91.8
OLETZ_20220620154730_160.jpg,168.0
LEEER_20220620064200_160.jpg,123.0
OLBFE_20220620184330_160.jpg,45.5
OLTWE_20220620130130_160.jpg,400.1
OLHOL_20220620091300_160.jpg,271.3
AURIC_20220620201000_160.jpg,1.0
OLMAR_20220620185430_160.jpg,37.2
BARSE_20220620063730_160.jpg,128.7
OLTIR_20220620175400_160.jpg,236.6
PVRAS_20220620151330_160.jpg,200.3
OLTIR_20220620083230_160.jpg,304.2
LEEER_20220620142330_160.jpg,796.0
BARSE_20220620095100_160.jpg,579.4
OLTIR_20220620195230_160.jpg,5.5
BAZWI_20220620152830_160.jpg,563.3
BARSE_20220620082300_160.jpg,258.3
PVAMM_20220620062200_160.jpg,111.1
OLDLR_20220620160200_160.jpg,178.0
OLTIR_20220620145000_160.jpg,50.3
OLETZ_20220620144730_160.jpg,68.7
OLBFE_20220620071830_160.jpg,135.8
PVNOR_20220620093300_160.jpg,307.7
PVNOR_20220620091000_160.jpg,715.5
OLDLR_20220620062130_160.jpg,111.1
PVAMM_20220620200900_160.jpg,1.0
OLDLR_20220620174600_160.jpg,272.4
VAREL_20220620113030_160.jpg,350.0
OLTWE_20220620080200_160.jpg,181.5
OLBFE_20220620111700_160.jpg,609.4
OLETZ_20220620140800_160.jpg,164.2
OLFLE_20220620200330_160.jpg,1.4
EMSTE_20220620191730_160.jpg,23.4
SOEGE_20220620195230_160.jpg,5.5
ESENS_20220620185230_160.jpg,34.8
OLMAR_20220620170430_160.jpg,129.0
PVAMM_20220620144300_160.jpg,106.3
OLEMS_20220620182900_160.jpg,129.3
LEEER_20220620122030_160.jpg,272.6
OLFLE_20220620200700_160.jpg,1.2
OLTIR_20220620130630_160.jpg,352.1
OLETZ_20220620174300_160.jpg,175.9
AURIC_20220620035630_160.jpg,61.3
OLDLR_20220620062430_160.jpg,101.2
OLBFE_20220620155500_160.jpg,128.3
OLTIR_20220620055330_160.jpg,309.9
VAREL_20220620125900_160.jpg,275.8
OLEMS_20220620025230_160.jpg,1.0
PVNOR_20220620125200_160.jpg,308.6
OLEMS_20220620050700_160.jpg,214.0
ESREF_20220620142100_160.jpg,752.4
OLDLR_20220620191530_160.jpg,28.0
BARSE_20220620180200_160.jpg,229.2
OLETZ_20220620185630_160.jpg,44.0
OLTIR_20220620160700_160.jpg,637.1
OLMAR_20220620030400_160.jpg,1.7
VAREL_20220620122630_160.jpg,293.4
VAREL_20220620065830_160.jpg,257.2
OLEMS_20220620160930_160.jpg,557.6
OLTIR_20220620134300_160.jpg,285.5
OLEMS_20220620152130_160.jpg,447.5
OLHOL_20220620104400_160.jpg,1029.3
BAZWI_20220620125330_160.jpg,297.1
OLMAR_20220620191330_160.jpg,35.4
PVAMM_20220620051800_160.jpg,233.4
BAZWI_20220620095000_160.jpg,1029.2
OLEMS_20220620175600_160.jpg,197.0
BAZWI_20220620092930_160.jpg,893.4
ESREF_20220620162100_160.jpg,489.8
OLDLR_20220620184930_160.jpg,90.4
OLHOL_20220620060000_160.jpg,336.0
PAPEN_20220620025200_160.jpg,1.0
OLETZ_20220620163630_160.jpg,512.4
OLEMS_20220620140400_160.jpg,432.7
EMSTE_20220620192500_160.jpg,19.3
OLETZ_20220620130130_160.jpg,400.1
OLMAR_20220620160000_160.jpg,153.8
BARSE_20220620125130_160.jpg,308.6
OLDLR_20220620154830_160.jpg,168.8
VAREL_20220620150200_160.jpg,144.6
WESTE_20220620033700_160.jpg,14.4
LEEER_20220620171730_160.jpg,71.2
PVNOR_20220620152830_160.jpg,563.3
DOERP_20220620134000_160.jpg,315.7
OLDLR_20220620093100_160.jpg,876.3
OLDLR_20220620114100_160.jpg,874.3
OLTIR_20220620025700_160.jpg,1.3
OLDON_20220620025630_160.jpg,1.2
PVNOR_20220620163100_160.jpg,543.6
VAREL_20220620180230_160.jpg,217.5
OLHOL_20220620052900_160.jpg,158.4
SOEGE_20220620040930_160.jpg,107.2
OLTIR_20220620025030_160.jpg,0.9
OLUOL_20220620181815_160.jpg,159.0
OLBFE_20220620061500_160.jpg,502.0
PVAMM_20220620112900_160.jpg,278.6
OLHOL_20220620162530_160.jpg,534.9
OLEMS_20220620093100_160.jpg,876.3
BAZWI_20220620074800_160.jpg,660.0
OLTIR_20220620104330_160.jpg,727.6
PVAMM_20220620144730_160.jpg,68.7
EMSTE_20220620094600_160.jpg,699.2
PVNOR_20220620131800_160.jpg,363.1
ESREF_20220620113030_160.jpg,350.0
WESTE_20220620044800_160.jpg,36.6
OLDON_20220620032200_160.jpg,10.1
OLTIR_20220620110700_160.jpg,1041.0
OLMAR_20220620144130_160.jpg,114.6
BAZWI_20220620044930_160.jpg,45.0
OLHOL_20220620200630_160.jpg,1.2
PVRAS_20220620123200_160.jpg,481.4
SOEGE_20220620181400_160.jpg,166.7
LEEER_20220620200000_160.jpg,3.6
OLDON_20220620033100_160.jpg,11.6
VAREL_20220620175800_160.jpg,246.7
OLDON_20220620025400_160.jpg,1.1
PVRAS_20220620055800_160.jpg,327.5
EMSTE_20220620025200_160.jpg,1.0
LEEER_20220620114830_160.jpg,334.8
OLETZ_20220620093930_160.jpg,733.8
OLMAR_20220620053700_160.jpg,277.4
OLTWE_20220620163630_160.jpg,512.4
OLETZ_20220620062200_160.jpg,111.1
OLFLE_20220620173600_160.jpg,178.5
ESREF_20220620032400_160.jpg,10.7
BARSE_20220620183700_160.jpg,107.7
BARSE_20220620085100_160.jpg,854.7
PVNOR_20220620163900_160.jpg,283.7
VAREL_20220620155930_160.jpg,142.0
OLUOL_20220620151300_160.jpg,200.3
OLTWE_20220620071700_160.jpg,125.4
BARSE_20220620152600_160.jpg,429.7
VAREL_20220620061900_160.jpg,135.5
PVAMM_20220620151430_160.jpg,212.0
PVRAS_20220620105930_160.jpg,973.7
PVNOR_20220620105230_160.jpg,944.6
OLUOL_20220620134100_160.jpg,314.9
OLTWE_20220620175230_160.jpg,195.3
ESREF_20220620185530_160.jpg,40.5
OLHOL_20220620075330_160.jpg,634.8
PVRAS_20220620051830_160.jpg,233.4
OLTIR_20220620053730_160.jpg,201.9
OLTWE_20220620120900_160.jpg,287.9
DOERP_20220620164300_160.jpg,436.0
OLBFE_20220620091000_160.jpg,715.5
BARSE_20220620152400_160.jpg,385.8
OLETZ_20220620115030_160.jpg,244.1
WESTE_20220620170730_160.jpg,153.8
VAREL_20220620162030_160.jpg,489.8
OLDLR_20220620044300_160.jpg,25.5
PVRAS_20220620121700_160.jpg,933.3
BARSE_20220620091600_160.jpg,142.8
BARSE_20220620025430_160.jpg,1.1
PVRAS_20220620200500_160.jpg,1.4
OLTWE_20220620200600_160.jpg,1.3
WESTE_20220620124900_160.jpg,600.6
DOERP_20220620035230_160.jpg,51.0
OLDLR_20220620054900_160.jpg,295.8
OLETZ_20220620111100_160.jpg,406.0
OLFLE_20220620102900_160.jpg,999.1
ESREF_20220620103800_160.jpg,885.2
OLTIR_20220620093900_160.jpg,847.1
SOEGE_20220620034230_160.jpg,17.4
EMSTE_20220620080730_160.jpg,771.6
OLHOL_20220620195700_160.jpg,4.5
OLHOL_20220620124600_160.jpg,1060.9
BAZWI_20220620085300_160.jpg,887.0
OLUOL_20220620165330_160.jpg,235.7
BAZWI_20220620060100_160.jpg,333.8
OLHOL_20220620025400_160.jpg,1.1
OLTIR_20220620082330_160.jpg,258.3
BAZWI_20220620130930_160.jpg,570.9
OLMAR_20220620095130_160.jpg,367.6
OLFLE_20220620074500_160.jpg,645.2
OLMAR_20220620050200_160.jpg,194.4
OLETZ_20220620180400_160.jpg,234.0
OLUOL_20220620123115_160.jpg,362.9
OLBFE_20220620144130_160.jpg,114.6
ESREF_20220620170430_160.jpg,129.0
OLDLR_20220620114630_160.jpg,684.4
ESENS_20220620200300_160.jpg,1.4
LEEER_20220620111530_160.jpg,1101.9
PVNOR_20220620174730_160.jpg,296.7
OLTWE_20220620060400_160.jpg,349.3
BARSE_20220620124800_160.jpg,403.6
VAREL_20220620185200_160.jpg,35.2
OLDLR_20220620124200_160.jpg,824.5
OLMAR_20220620155530_160.jpg,126.6
BAZWI_20220620053830_160.jpg,201.9
OLTIR_20220620170700_160.jpg,153.8
OLMAR_20220620155500_160.jpg,128.3
VAREL_20220620113300_160.jpg,234.0
OLTIR_20220620155030_160.jpg,159.5
OLDLR_20220620115100_160.jpg,244.1
OLBFE_20220620033200_160.jpg,12.0
OLETZ_20220620120900_160.jpg,287.9
OLMAR_20220620184600_160.jpg,110.5
PVAMM_20220620163730_160.jpg,237.6
OLHOL_20220620063630_160.jpg,103.2
OLETZ_20220620025430_160.jpg,1.1
DOERP_20220620080000_160.jpg,498.7
VAREL_20220620100430_160.jpg,359.6
VAREL_20220620055830_160.jpg,327.5
OLDLR_20220620070730_160.jpg,188.6
OLMAR_20220620200900_160.jpg,1.0
OLTWE_20220620052500_160.jpg,129.5
PVAMM_20220620093800_160.jpg,251.5
BARSE_20220620171400_160.jpg,89.2
OLDLR_20220620091630_160.jpg,119.4
OLMAR_20220620114500_160.jpg,1119.4
OLMAR_20220620084700_160.jpg,780.8
WESTE_20220620160030_160.jpg,153.8
OLUOL_20220620071115_160.jpg,98.0
OLBFE_20220620145730_160.jpg,71.1
AURIC_20220620044300_160.jpg,25.5
PVNOR_20220620140030_160.jpg,225.5
PVNOR_20220620184700_160.jpg,111.0
OLHOL_20220620034600_160.jpg,19.3
OLETZ_20220620092300_160.jpg,813.7
OLEMS_20220620030000_160.jpg,1.4
OLDLR_20220620103830_160.jpg,685.7
OLEMS_20220620082830_160.jpg,443.7
PVAMM_20220620100600_160.jpg,437.3
WESTE_20220620041100_160.jpg,146.2
OLDLR_20220620133300_160.jpg,287.7
BARSE_20220620025130_160.jpg,1.0
LEEER_20220620152200_160.jpg,447.5
LEEER_20220620030430_160.jpg,1.7
SOEGE_20220620043930_160.jpg,24.9
OLMAR_20220620073700_160.jpg,583.3
OLDLR_20220620184230_160.jpg,44.4
PVAMM_20220620102200_160.jpg,331.0
SOEGE_20220620034800_160.jpg,20.8
