model,input_size,augmentation,lr,train_frac,n_train,n_params,best_epoch,total_epochs,total_time_s,test_mae,test_rmse,test_r2
resnet18,128,False,0.001,0.25,175,11177025,8,15,6.3,245.8307,338.7988,-0.596773
resnet18,128,True,0.001,0.25,175,11177025,15,20,7.9,185.5161,266.7859,0.009887
resnet18,224,False,0.001,0.25,175,11177025,5,12,8.9,244.6968,335.6522,-0.56725
resnet18,224,True,0.001,0.25,175,11177025,5,12,9.1,213.949,313.4053,-0.366381
resnet18,320,False,0.001,0.25,175,11177025,10,17,16.5,201.1769,284.407,-0.125226
resnet18,320,True,0.001,0.25,175,11177025,20,20,19.3,200.0312,296.4306,-0.222378
efficientnet_b0,128,False,0.001,0.25,175,4008829,6,13,6.5,258.8505,350.2798,-0.706826
efficientnet_b0,128,True,0.001,0.25,175,4008829,15,20,9.6,265.5342,365.3595,-0.856949
efficientnet_b0,224,False,0.001,0.25,175,4008829,7,14,13.5,248.9497,341.9206,-0.626334
efficientnet_b0,224,True,0.001,0.25,175,4008829,18,20,19.6,259.4116,365.3609,-0.856964
efficientnet_b0,320,False,0.001,0.25,175,4008829,18,20,30.0,217.3803,306.678,-0.308352
efficientnet_b0,320,True,0.001,0.25,175,4008829,9,16,24.6,228.6477,327.2182,-0.489478
mobilenet_v3_small,128,False,0.001,0.25,175,1518881,19,20,8.2,140.9979,210.2553,0.385031
mobilenet_v3_small,128,True,0.001,0.25,175,1518881,11,18,7.1,158.6076,234.8563,0.232703
mobilenet_v3_small,224,False,0.001,0.25,175,1518881,8,15,8.2,153.4711,217.156,0.344001
mobilenet_v3_small,224,True,0.001,0.25,175,1518881,9,16,8.4,160.9182,242.556,0.181567
mobilenet_v3_small,320,False,0.001,0.25,175,1518881,17,20,10.5,162.3823,225.5588,0.292252
mobilenet_v3_small,320,True,0.001,0.25,175,1518881,10,17,9.8,176.0364,251.6808,0.118831
resnet18,128,False,0.001,0.5,350,11177025,19,20,12.6,132.5509,191.5327,0.489677
resnet18,128,True,0.001,0.5,350,11177025,15,20,12.7,144.8001,207.7133,0.399811
resnet18,224,False,0.001,0.5,350,11177025,7,14,16.6,134.809,200.4589,0.441003
resnet18,224,True,0.001,0.5,350,11177025,16,20,24.2,143.1779,222.728,0.309905
resnet18,320,False,0.001,0.5,350,11177025,20,20,32.5,140.7021,201.8336,0.433309
resnet18,320,True,0.001,0.5,350,11177025,20,20,33.2,139.3857,203.62,0.423233
efficientnet_b0,128,False,0.001,0.5,350,4008829,8,15,12.2,207.8891,289.1457,-0.163035
efficientnet_b0,128,True,0.001,0.5,350,4008829,11,18,14.7,202.1423,285.0434,-0.130267
efficientnet_b0,224,False,0.001,0.5,350,4008829,19,20,34.1,192.254,270.7737,-0.019934
efficientnet_b0,224,True,0.001,0.5,350,4008829,18,20,33.5,184.3746,253.9488,0.102878
efficientnet_b0,320,False,0.001,0.5,350,4008829,19,20,52.3,174.1274,249.8768,0.131418
efficientnet_b0,320,True,0.001,0.5,350,4008829,8,15,40.8,208.3295,299.6522,-0.249091
mobilenet_v3_small,128,False,0.001,0.5,350,1518881,12,19,11.6,140.1957,225.3859,0.293336
mobilenet_v3_small,128,True,0.001,0.5,350,1518881,8,15,9.0,147.9305,221.4201,0.317986
mobilenet_v3_small,224,False,0.001,0.5,350,1518881,6,13,10.6,174.0894,245.4662,0.161809
mobilenet_v3_small,224,True,0.001,0.5,350,1518881,9,16,13.2,163.1451,230.7272,0.259446
mobilenet_v3_small,320,False,0.001,0.5,350,1518881,6,13,9.8,144.5491,214.039,0.362698
mobilenet_v3_small,320,True,0.001,0.5,350,1518881,9,16,13.0,144.6777,219.9559,0.326976
resnet18,128,False,0.001,0.75,525,11177025,20,20,17.4,132.6436,186.8207,0.514478
resnet18,128,True,0.001,0.75,525,11177025,19,20,17.7,144.1311,217.641,0.341068
resnet18,224,False,0.001,0.75,525,11177025,19,20,33.3,125.9519,188.559,0.5054
resnet18,224,True,0.001,0.75,525,11177025,17,20,33.7,137.8432,196.2615,0.464167
resnet18,320,False,0.001,0.75,525,11177025,18,20,46.0,140.8887,208.3435,0.396164
resnet18,320,True,0.001,0.75,525,11177025,19,20,46.8,142.5771,199.1085,0.448508
efficientnet_b0,128,False,0.001,0.75,525,4008829,5,12,13.3,215.6933,297.9227,-0.234714
efficientnet_b0,128,True,0.001,0.75,525,4008829,13,20,21.9,176.3202,232.7472,0.246422
efficientnet_b0,224,False,0.001,0.75,525,4008829,11,18,41.2,185.2984,264.8357,0.024309
efficientnet_b0,224,True,0.001,0.75,525,4008829,16,20,46.3,162.1033,228.1985,0.27559
efficientnet_b0,320,False,0.001,0.75,525,4008829,20,20,75.3,171.7863,239.6808,0.200854
efficientnet_b0,320,True,0.001,0.75,525,4008829,18,20,76.6,167.4247,231.1396,0.256796
mobilenet_v3_small,128,False,0.001,0.75,525,1518881,15,20,16.2,137.0654,192.15,0.486382
mobilenet_v3_small,128,True,0.001,0.75,525,1518881,9,16,13.3,136.1714,211.0488,0.380381
mobilenet_v3_small,224,False,0.001,0.75,525,1518881,4,11,12.7,152.4577,216.7311,0.346566
mobilenet_v3_small,224,True,0.001,0.75,525,1518881,5,12,14.1,154.4169,217.9934,0.338932
mobilenet_v3_small,320,False,0.001,0.75,525,1518881,17,20,21.4,150.3737,206.3244,0.407811
mobilenet_v3_small,320,True,0.001,0.75,525,1518881,8,15,18.4,153.6713,236.5015,0.221915
resnet18,128,False,0.001,1.0,700,11177025,15,20,24.4,124.9303,181.5404,0.541536
resnet18,128,True,0.001,1.0,700,11177025,20,20,24.7,143.1264,202.8956,0.42733
resnet18,224,False,0.001,1.0,700,11177025,15,20,48.5,125.9643,193.6808,0.478166
resnet18,224,True,0.001,1.0,700,11177025,14,20,47.3,147.4335,200.5989,0.440221
resnet18,320,False,0.001,1.0,700,11177025,14,20,58.4,139.4286,207.8652,0.398933
resnet18,320,True,0.001,1.0,700,11177025,15,20,60.9,148.8669,202.3896,0.430183
efficientnet_b0,128,False,0.001,1.0,700,4008829,19,20,27.6,159.5996,225.784,0.290838
efficientnet_b0,128,True,0.001,1.0,700,4008829,20,20,27.9,170.4264,251.2142,0.122095
efficientnet_b0,224,False,0.001,1.0,700,4008829,20,20,59.8,141.7858,208.9248,0.392789
efficientnet_b0,224,True,0.001,1.0,700,4008829,16,20,60.7,153.0158,231.0211,0.257558
efficientnet_b0,320,False,0.001,1.0,700,4008829,20,20,98.7,133.8098,204.6267,0.417516
efficientnet_b0,320,True,0.001,1.0,700,4008829,20,20,99.9,144.5232,211.0972,0.380096
mobilenet_v3_small,128,False,0.001,1.0,700,1518881,14,20,20.5,138.9013,195.7783,0.466802
mobilenet_v3_small,128,True,0.001,1.0,700,1518881,6,13,13.7,165.3548,226.7424,0.284805
mobilenet_v3_small,224,False,0.001,1.0,700,1518881,3,10,14.5,147.6639,217.1119,0.344268
mobilenet_v3_small,224,True,0.001,1.0,700,1518881,8,15,22.1,148.3089,212.0557,0.374454
mobilenet_v3_small,320,False,0.001,1.0,700,1518881,3,10,13.6,135.0288,203.6861,0.422859
mobilenet_v3_small,320,True,0.001,1.0,700,1518881,5,12,17.3,171.7501,251.0698,0.123104
resnet18,128,False,0.0001,0.25,175,11177025,1,8,3.2,293.0492,396.1777,-1.18343
resnet18,128,True,0.0001,0.25,175,11177025,17,20,8.0,287.8758,385.9041,-1.071657
resnet18,224,False,0.0001,0.25,175,11177025,20,20,14.5,290.724,389.1037,-1.106153
resnet18,224,True,0.0001,0.25,175,11177025,20,20,14.7,288.0556,385.5061,-1.067386
resnet18,320,False,0.0001,0.25,175,11177025,19,20,18.8,291.3614,387.8772,-1.092896
resnet18,320,True,0.0001,0.25,175,11177025,14,20,19.0,290.6785,388.7684,-1.102525
efficientnet_b0,128,False,0.0001,0.25,175,4008829,12,19,9.2,291.028,391.964,-1.137231
efficientnet_b0,128,True,0.0001,0.25,175,4008829,20,20,9.8,284.1904,384.5857,-1.057527
efficientnet_b0,224,False,0.0001,0.25,175,4008829,18,20,19.4,287.2327,389.1454,-1.106605
efficientnet_b0,224,True,0.0001,0.25,175,4008829,9,16,15.7,290.5953,393.1911,-1.150634
efficientnet_b0,320,False,0.0001,0.25,175,4008829,7,14,20.9,290.874,393.196,-1.150688
efficientnet_b0,320,True,0.0001,0.25,175,4008829,10,17,25.8,289.7426,392.1685,-1.139462
mobilenet_v3_small,128,False,0.0001,0.25,175,1518881,8,15,5.7,288.6955,391.5553,-1.132777
mobilenet_v3_small,128,True,0.0001,0.25,175,1518881,11,18,6.9,288.8956,390.4665,-1.120932
mobilenet_v3_small,224,False,0.0001,0.25,175,1518881,5,12,6.3,292.7506,396.2544,-1.184276
mobilenet_v3_small,224,True,0.0001,0.25,175,1518881,5,12,6.4,292.8111,396.2423,-1.184142
mobilenet_v3_small,320,False,0.0001,0.25,175,1518881,4,11,5.2,293.5118,396.9787,-1.192268
mobilenet_v3_small,320,True,0.0001,0.25,175,1518881,5,12,5.8,293.0098,396.4572,-1.186512
resnet18,128,False,0.0001,0.5,350,11177025,17,20,12.4,285.9799,384.0751,-1.052067
resnet18,128,True,0.0001,0.5,350,11177025,18,20,12.7,282.9577,380.1139,-1.009957
resnet18,224,False,0.0001,0.5,350,11177025,15,20,23.7,284.7779,382.7087,-1.037492
resnet18,224,True,0.0001,0.5,350,11177025,19,20,24.1,280.0504,378.078,-0.988484
resnet18,320,False,0.0001,0.5,350,11177025,19,20,32.3,277.2318,373.858,-0.944342
resnet18,320,True,0.0001,0.5,350,11177025,18,20,33.1,280.9615,378.8375,-0.996481
efficientnet_b0,128,False,0.0001,0.5,350,4008829,20,20,15.5,280.5968,383.2151,-1.042887
efficientnet_b0,128,True,0.0001,0.5,350,4008829,16,20,16.0,276.3696,380.2784,-1.011698
efficientnet_b0,224,False,0.0001,0.5,350,4008829,16,20,33.2,281.2403,381.2782,-1.022289
efficientnet_b0,224,True,0.0001,0.5,350,4008829,17,20,32.9,279.267,380.5017,-1.01406
efficientnet_b0,320,False,0.0001,0.5,350,4008829,5,12,31.8,289.5735,391.5338,-1.132543
efficientnet_b0,320,True,0.0001,0.5,350,4008829,18,20,53.9,262.2219,358.4301,-0.78718
mobilenet_v3_small,128,False,0.0001,0.5,350,1518881,5,12,7.1,288.9086,391.3112,-1.130119
mobilenet_v3_small,128,True,0.0001,0.5,350,1518881,20,20,11.9,205.2828,287.856,-0.152683
mobilenet_v3_small,224,False,0.0001,0.5,350,1518881,3,10,8.3,293.47,396.8329,-1.190658
mobilenet_v3_small,224,True,0.0001,0.5,350,1518881,3,10,8.3,292.6199,396.0557,-1.182086
mobilenet_v3_small,320,False,0.0001,0.5,350,1518881,2,9,6.8,293.0424,396.7353,-1.18958
mobilenet_v3_small,320,True,0.0001,0.5,350,1518881,20,20,16.2,179.1845,257.0203,0.081045
resnet18,128,False,0.0001,0.75,525,11177025,20,20,17.4,280.6006,377.7293,-0.984818
resnet18,128,True,0.0001,0.75,525,11177025,19,20,17.6,274.761,371.4344,-0.919214
resnet18,224,False,0.0001,0.75,525,11177025,16,20,33.2,279.4482,376.2698,-0.969509
resnet18,224,True,0.0001,0.75,525,11177025,13,20,34.0,278.8463,375.3958,-0.960369
resnet18,320,False,0.0001,0.75,525,11177025,14,20,48.4,279.1595,376.683,-0.973837
resnet18,320,True,0.0001,0.75,525,11177025,14,20,48.0,273.5327,372.0355,-0.925431
efficientnet_b0,128,False,0.0001,0.75,525,4008829,12,19,20.9,274.4419,374.6935,-0.953041
efficientnet_b0,128,True,0.0001,0.75,525,4008829,20,20,23.7,261.3535,365.202,-0.855349
efficientnet_b0,224,False,0.0001,0.75,525,4008829,10,17,43.6,276.371,377.2447,-0.979728
efficientnet_b0,224,True,0.0001,0.75,525,4008829,20,20,48.1,275.2093,376.4241,-0.971125
efficientnet_b0,320,False,0.0001,0.75,525,4008829,12,19,74.8,270.9751,370.272,-0.907221
efficientnet_b0,320,True,0.0001,0.75,525,4008829,20,20,79.0,258.5513,353.9756,-0.743034
mobilenet_v3_small,128,False,0.0001,0.75,525,1518881,19,20,17.2,164.3676,228.6495,0.272723
mobilenet_v3_small,128,True,0.0001,0.75,525,1518881,20,20,17.5,161.5302,223.046,0.307933
mobilenet_v3_small,224,False,0.0001,0.75,525,1518881,2,9,10.8,293.4079,396.6883,-1.189062
mobilenet_v3_small,224,True,0.0001,0.75,525,1518881,19,20,24.2,172.3918,236.4748,0.222091
mobilenet_v3_small,320,False,0.0001,0.75,525,1518881,1,8,8.9,294.0619,397.7036,-1.200281
mobilenet_v3_small,320,True,0.0001,0.75,525,1518881,20,20,23.2,147.9693,223.3633,0.305962
resnet18,128,False,0.0001,1.0,700,11177025,17,20,23.0,271.7123,367.0113,-0.873778
resnet18,128,True,0.0001,1.0,700,11177025,20,20,23.0,264.0425,360.2595,-0.80547
resnet18,224,False,0.0001,1.0,700,11177025,17,20,44.8,273.5524,368.365,-0.887625
resnet18,224,True,0.0001,1.0,700,11177025,9,16,39.9,281.8164,380.1158,-1.009977
resnet18,320,False,0.0001,1.0,700,11177025,20,20,70.6,272.6073,369.0316,-0.894464
resnet18,320,True,0.0001,1.0,700,11177025,14,20,69.6,262.7369,360.9532,-0.812429
efficientnet_b0,128,False,0.0001,1.0,700,4008829,17,20,29.7,254.6411,349.7191,-0.701367
efficientnet_b0,128,True,0.0001,1.0,700,4008829,18,20,30.0,260.4062,357.2205,-0.775137
efficientnet_b0,224,False,0.0001,1.0,700,4008829,14,20,62.7,267.2692,363.1853,-0.834914
efficientnet_b0,224,True,0.0001,1.0,700,4008829,17,20,62.6,269.2813,367.0794,-0.874473
efficientnet_b0,320,False,0.0001,1.0,700,4008829,19,20,103.3,279.0696,375.9175,-0.965823
efficientnet_b0,320,True,0.0001,1.0,700,4008829,19,20,102.6,245.1414,348.6597,-0.691075
mobilenet_v3_small,128,False,0.0001,1.0,700,1518881,20,20,21.7,156.4072,211.3736,0.378472
mobilenet_v3_small,128,True,0.0001,1.0,700,1518881,16,20,21.7,155.7878,209.8318,0.387506
mobilenet_v3_small,224,False,0.0001,1.0,700,1518881,20,20,29.3,137.5552,191.0442,0.492277
mobilenet_v3_small,224,True,0.0001,1.0,700,1518881,19,20,30.2,138.9117,207.3873,0.401694
mobilenet_v3_small,320,False,0.0001,1.0,700,1518881,12,19,26.9,147.0885,208.2913,0.396467
mobilenet_v3_small,320,True,0.0001,1.0,700,1518881,18,20,31.2,154.1513,219.1445,0.331932
resnet18,128,False,0.01,0.25,175,11177025,12,19,8.0,144.9545,228.0105,0.276783
resnet18,128,True,0.01,0.25,175,11177025,10,17,7.2,152.4449,202.4732,0.429712
resnet18,224,False,0.01,0.25,175,11177025,10,17,13.2,153.2912,208.625,0.394531
resnet18,224,True,0.01,0.25,175,11177025,11,18,14.2,152.9323,211.4192,0.378204
resnet18,320,False,0.01,0.25,175,11177025,6,13,12.6,164.4047,231.0266,0.257523
resnet18,320,True,0.01,0.25,175,11177025,14,20,19.6,156.1577,213.0665,0.368476
efficientnet_b0,128,False,0.01,0.25,175,4008829,14,20,10.0,157.4011,220.6286,0.322853
efficientnet_b0,128,True,0.01,0.25,175,4008829,13,20,9.8,177.9886,238.4439,0.209082
efficientnet_b0,224,False,0.01,0.25,175,4008829,8,15,14.9,149.1629,222.7627,0.30969
efficientnet_b0,224,True,0.01,0.25,175,4008829,15,20,20.9,172.3577,224.4213,0.299372
efficientnet_b0,320,False,0.01,0.25,175,4008829,1,8,13.1,190.1917,237.3849,0.216091
efficientnet_b0,320,True,0.01,0.25,175,4008829,16,20,30.7,171.5996,226.2282,0.288045
mobilenet_v3_small,128,False,0.01,0.25,175,1518881,1,8,3.2,3475.3745,3812.543,-201.203522
mobilenet_v3_small,128,True,0.01,0.25,175,1518881,1,8,3.3,243.4622,327.159,-0.488939
mobilenet_v3_small,224,False,0.01,0.25,175,1518881,1,8,4.4,1466.9351,1655.5082,-37.126057
mobilenet_v3_small,224,True,0.01,0.25,175,1518881,1,8,4.4,3062.0703,3360.1428,-156.063278
mobilenet_v3_small,320,False,0.01,0.25,175,1518881,1,8,4.0,320.8772,408.3155,-1.319268
mobilenet_v3_small,320,True,0.01,0.25,175,1518881,1,8,4.1,511.9031,604.3922,-4.081557
resnet18,128,False,0.01,0.5,350,11177025,9,16,10.1,144.3005,206.1195,0.408986
resnet18,128,True,0.01,0.5,350,11177025,13,20,12.9,138.7574,207.3869,0.401696
resnet18,224,False,0.01,0.5,350,11177025,10,17,20.5,142.5624,201.0188,0.437875
resnet18,224,True,0.01,0.5,350,11177025,13,20,24.8,145.1966,206.4612,0.407026
resnet18,320,False,0.01,0.5,350,11177025,8,15,24.4,142.4489,201.4144,0.435661
resnet18,320,True,0.01,0.5,350,11177025,3,10,16.7,149.1095,221.9461,0.314742
efficientnet_b0,128,False,0.01,0.5,350,4008829,17,20,15.9,148.6568,203.1223,0.426049
efficientnet_b0,128,True,0.01,0.5,350,4008829,9,16,12.9,150.6928,206.1888,0.408589
efficientnet_b0,224,False,0.01,0.5,350,4008829,4,11,18.3,164.5412,226.8825,0.283921
efficientnet_b0,224,True,0.01,0.5,350,4008829,11,18,31.8,145.1766,210.4553,0.383861
efficientnet_b0,320,False,0.01,0.5,350,4008829,8,15,41.4,143.3777,193.4492,0.479413
efficientnet_b0,320,True,0.01,0.5,350,4008829,7,14,39.3,154.4107,214.2805,0.361259
mobilenet_v3_small,128,False,0.01,0.5,350,1518881,19,20,12.6,176.7807,259.1724,0.065591
mobilenet_v3_small,128,True,0.01,0.5,350,1518881,17,20,12.6,396.7285,487.9138,-2.311657
mobilenet_v3_small,224,False,0.01,0.5,350,1518881,1,8,7.0,2791.5042,2961.6394,-121.017914
mobilenet_v3_small,224,True,0.01,0.5,350,1518881,10,17,15.0,1334.3311,1506.2043,-30.559275
mobilenet_v3_small,320,False,0.01,0.5,350,1518881,1,8,6.5,1037.3229,1140.6821,-17.100412
mobilenet_v3_small,320,True,0.01,0.5,350,1518881,14,20,17.0,1135.3037,1188.0793,-18.63587
resnet18,128,False,0.01,0.75,525,11177025,13,20,18.0,129.8147,202.4881,0.429628
resnet18,128,True,0.01,0.75,525,11177025,13,20,18.1,144.449,214.5889,0.35942
resnet18,224,False,0.01,0.75,525,11177025,4,11,19.2,150.4388,209.7531,0.387966
resnet18,224,True,0.01,0.75,525,11177025,4,11,19.6,146.7701,205.8707,0.410413
resnet18,320,False,0.01,0.75,525,11177025,10,17,40.6,144.9043,196.8933,0.460712
resnet18,320,True,0.01,0.75,525,11177025,6,13,31.9,141.6279,209.4024,0.39001
efficientnet_b0,128,False,0.01,0.75,525,4008829,11,18,20.7,132.998,198.5002,0.451873
efficientnet_b0,128,True,0.01,0.75,525,4008829,19,20,23.1,144.7213,212.141,0.373951
efficientnet_b0,224,False,0.01,0.75,525,4008829,4,11,26.7,143.5488,200.1375,0.442793
efficientnet_b0,224,True,0.01,0.75,525,4008829,5,12,28.5,165.5968,215.5257,0.353814
efficientnet_b0,320,False,0.01,0.75,525,4008829,11,18,69.2,145.5862,211.2381,0.379269
efficientnet_b0,320,True,0.01,0.75,525,4008829,14,20,80.6,144.4403,206.9212,0.40438
mobilenet_v3_small,128,False,0.01,0.75,525,1518881,12,19,16.3,206.7832,287.9955,-0.1538
mobilenet_v3_small,128,True,0.01,0.75,525,1518881,6,13,11.5,258.4332,412.7079,-1.369436
mobilenet_v3_small,224,False,0.01,0.75,525,1518881,9,16,18.6,300.7359,384.4441,-1.056012
mobilenet_v3_small,224,True,0.01,0.75,525,1518881,6,13,15.9,224.7196,260.3152,0.057333
mobilenet_v3_small,320,False,0.01,0.75,525,1518881,20,20,22.5,487.0814,535.7863,-2.993397
mobilenet_v3_small,320,True,0.01,0.75,525,1518881,9,16,19.2,178.4923,213.3925,0.366542
resnet18,128,False,0.01,1.0,700,11177025,7,14,15.9,134.7271,191.5515,0.489577
resnet18,128,True,0.01,1.0,700,11177025,18,20,23.3,145.5146,206.1337,0.408905
resnet18,224,False,0.01,1.0,700,11177025,16,20,48.5,141.0846,203.677,0.422911
resnet18,224,True,0.01,1.0,700,11177025,10,17,42.4,146.1308,200.7898,0.439155
resnet18,320,False,0.01,1.0,700,11177025,10,17,54.1,140.5745,196.8812,0.460778
resnet18,320,True,0.01,1.0,700,11177025,10,17,54.5,144.6925,199.1452,0.448305
efficientnet_b0,128,False,0.01,1.0,700,4008829,15,20,29.8,138.8627,206.1206,0.40898
efficientnet_b0,128,True,0.01,1.0,700,4008829,8,15,22.6,145.7097,195.4502,0.468588
efficientnet_b0,224,False,0.01,1.0,700,4008829,6,13,40.3,145.9636,209.6307,0.38868
efficientnet_b0,224,True,0.01,1.0,700,4008829,15,20,61.4,142.3817,211.3186,0.378795
efficientnet_b0,320,False,0.01,1.0,700,4008829,7,14,70.5,133.7482,203.5614,0.423565
efficientnet_b0,320,True,0.01,1.0,700,4008829,11,18,93.8,139.0478,200.5095,0.44072
mobilenet_v3_small,128,False,0.01,1.0,700,1518881,18,20,22.1,146.6429,204.9448,0.415704
mobilenet_v3_small,128,True,0.01,1.0,700,1518881,5,12,13.5,714.4725,843.5962,-8.899846
mobilenet_v3_small,224,False,0.01,1.0,700,1518881,20,20,30.4,151.0409,201.6188,0.434515
mobilenet_v3_small,224,True,0.01,1.0,700,1518881,8,15,22.7,426.5548,477.3767,-2.170164
mobilenet_v3_small,320,False,0.01,1.0,700,1518881,19,20,28.6,226.6672,279.7939,-0.089019
mobilenet_v3_small,320,True,0.01,1.0,700,1518881,20,20,30.6,147.5176,193.254,0.480463
